{
  "full_score": 5.151639938354492,
  "tau": 1.3770637512207031,
  "decision": "FAKE",
  "margin": 3.774576187133789,
  "clip_score": 5.394779682159424,
  "dino_score": -4.28516960144043,
  "forensic_score": -1.0213346481323242
}