{
  "full_score": -2.1177000999450684,
  "tau": 1.3770637512207031,
  "decision": "REAL",
  "margin": -3.4947638511657715,
  "clip_score": 0.5587291121482849,
  "dino_score": -0.867717981338501,
  "forensic_score": -1.3007144927978516
}