{
  "full_score": -6.05255126953125,
  "tau": 1.3770637512207031,
  "decision": "REAL",
  "margin": -7.429615020751953,
  "clip_score": -2.150989532470703,
  "dino_score": -2.482271909713745,
  "forensic_score": -0.396004855632782
}