{
  "full_score": -4.712217330932617,
  "tau": 1.3770637512207031,
  "decision": "REAL",
  "margin": -6.08928108215332,
  "clip_score": -2.6039905548095703,
  "dino_score": -1.4407471418380737,
  "forensic_score": -0.9632430076599121
}