{
  "full_score": -8.978864669799805,
  "tau": 1.3770637512207031,
  "decision": "REAL",
  "margin": -10.355928421020508,
  "clip_score": -3.186641216278076,
  "dino_score": -4.824982643127441,
  "forensic_score": -0.5713620781898499
}