{
  "full_score": 6.87782096862793,
  "tau": 1.3770637512207031,
  "decision": "FAKE",
  "margin": 5.500757217407227,
  "clip_score": 2.0407001972198486,
  "dino_score": 1.2170937061309814,
  "forensic_score": 1.4006106853485107
}