{
  "full_score": 5.958719730377197,
  "tau": 1.3770637512207031,
  "decision": "FAKE",
  "margin": 4.581655979156494,
  "clip_score": 1.800042748451233,
  "dino_score": 1.1332752704620361,
  "forensic_score": -0.764030933380127
}