{
  "full_score": -0.4380273222923279,
  "tau": 1.3770637512207031,
  "decision": "REAL",
  "margin": -1.815091073513031,
  "clip_score": -2.2814316749572754,
  "dino_score": 1.624648928642273,
  "forensic_score": -1.4012731313705444
}