{
  "full_score": 9.062140464782715,
  "tau": 1.3770637512207031,
  "decision": "FAKE",
  "margin": 7.685076713562012,
  "clip_score": 3.3435006141662598,
  "dino_score": 2.2666053771972656,
  "forensic_score": -0.9848065376281738
}