{
  "full_score": 8.620540618896484,
  "tau": 1.3770637512207031,
  "decision": "FAKE",
  "margin": 7.243476867675781,
  "clip_score": 0.8646514415740967,
  "dino_score": 2.5344340801239014,
  "forensic_score": 1.0696001052856445
}