{
  "imagenet_ai_0419_biggan": {
    "n_real": 14000,
    "n_fake": 2000,
    "auc": {
      "point": 0.9961496071428572,
      "lo": 0.9951484116071428,
      "hi": 0.9970860964285714
    },
    "eer": {
      "point": 0.029892857142857145,
      "lo": 0.025249107142857146,
      "hi": 0.0345
    },
    "tpr_at_0.01": {
      "point": 0.9385,
      "lo": 0.9255,
      "hi": 0.951
    },
    "tpr_at_0.05": {
      "point": 0.983,
      "lo": 0.9765,
      "hi": 0.9885
    }
  },
  "imagenet_ai_0419_vqdm": {
    "n_real": 14000,
    "n_fake": 2000,
    "auc": {
      "point": 0.9499572142857143,
      "lo": 0.9451326017857143,
      "hi": 0.9548090205357143
    },
    "eer": {
      "point": 0.12710714285714286,
      "lo": 0.1185,
      "hi": 0.13593035714285714
    },
    "tpr_at_0.01": {
      "point": 0.6055,
      "lo": 0.574,
      "hi": 0.6295
    },
    "tpr_at_0.05": {
      "point": 0.765,
      "lo": 0.742,
      "hi": 0.7835
    }
  },
  "imagenet_ai_0424_sdv5": {
    "n_real": 14000,
    "n_fake": 2000,
    "auc": {
      "point": 0.9874459285714285,
      "lo": 0.9854856142857142,
      "hi": 0.9892076107142856
    },
    "eer": {
      "point": 0.05760714285714286,
      "lo": 0.052749107142857146,
      "hi": 0.06303571428571428
    },
    "tpr_at_0.01": {
      "point": 0.7945,
      "lo": 0.768,
      "hi": 0.8215
    },
    "tpr_at_0.05": {
      "point": 0.933,
      "lo": 0.921,
      "hi": 0.9435
    }
  },
  "imagenet_ai_0424_wukong": {
    "n_real": 14000,
    "n_fake": 2000,
    "auc": {
      "point": 0.9662691428571428,
      "lo": 0.9623585410714285,
      "hi": 0.9699334607142858
    },
    "eer": {
      "point": 0.099,
      "lo": 0.09203482142857142,
      "hi": 0.1072535714285714
    },
    "tpr_at_0.01": {
      "point": 0.6555,
      "lo": 0.6225,
      "hi": 0.684
    },
    "tpr_at_0.05": {
      "point": 0.842,
      "lo": 0.825,
      "hi": 0.8590125
    }
  },
  "imagenet_ai_0508_adm": {
    "n_real": 14000,
    "n_fake": 2000,
    "auc": {
      "point": 0.9783625357142857,
      "lo": 0.97535900625,
      "hi": 0.9812160580357143
    },
    "eer": {
      "point": 0.079,
      "lo": 0.07253571428571429,
      "hi": 0.0852875
    },
    "tpr_at_0.01": {
      "point": 0.7615,
      "lo": 0.74,
      "hi": 0.786
    },
    "tpr_at_0.05": {
      "point": 0.893,
      "lo": 0.8785,
      "hi": 0.9075
    }
  },
  "imagenet_glide": {
    "n_real": 14000,
    "n_fake": 2000,
    "auc": {
      "point": 0.9982178571428572,
      "lo": 0.9977279928571429,
      "hi": 0.9986545437500001
    },
    "eer": {
      "point": 0.019571428571428573,
      "lo": 0.017,
      "hi": 0.0225
    },
    "tpr_at_0.01": {
      "point": 0.96,
      "lo": 0.949,
      "hi": 0.9685
    },
    "tpr_at_0.05": {
      "point": 0.9945,
      "lo": 0.99,
      "hi": 0.997
    }
  },
  "imagenet_midjourney": {
    "n_real": 14000,
    "n_fake": 2000,
    "auc": {
      "point": 0.9099397857142857,
      "lo": 0.9023411669642858,
      "hi": 0.91676209375
    },
    "eer": {
      "point": 0.175,
      "lo": 0.167,
      "hi": 0.18389464285714285
    },
    "tpr_at_0.01": {
      "point": 0.4405,
      "lo": 0.4085,
      "hi": 0.469
    },
    "tpr_at_0.05": {
      "point": 0.6385,
      "lo": 0.6149875,
      "hi": 0.6625
    }
  }
}