{
  "imagenet_ai_0419_biggan": {
    "0": {
      "n_real": 14000,
      "n_fake": 2000,
      "auc": {
        "point": 0.9995991785714285,
        "lo": 0.9992465071428571,
        "hi": 0.999862932142857
      },
      "eer": {
        "point": 0.0055,
        "lo": 0.0031419642857142874,
        "hi": 0.008035714285714285
      },
      "tpr_at_0.01": {
        "point": 0.9955,
        "lo": 0.9925,
        "hi": 0.9985
      },
      "tpr_at_0.05": {
        "point": 0.997,
        "lo": 0.994,
        "hi": 0.999
      }
    },
    "1": {
      "n_real": 14000,
      "n_fake": 2000,
      "auc": {
        "point": 0.99974575,
        "lo": 0.9992851008928572,
        "hi": 0.9999854732142858
      },
      "eer": {
        "point": 0.0035,
        "lo": 0.0015,
        "hi": 0.0055
      },
      "tpr_at_0.01": {
        "point": 0.9985,
        "lo": 0.9955,
        "hi": 1.0
      },
      "tpr_at_0.05": {
        "point": 0.9995,
        "lo": 0.9985,
        "hi": 1.0
      }
    },
    "2": {
      "n_real": 14000,
      "n_fake": 2000,
      "auc": {
        "point": 0.9998304642857143,
        "lo": 0.9995077080357143,
        "hi": 0.9999986428571429
      },
      "eer": {
        "point": 0.0015,
        "lo": 0.0004642857142857143,
        "hi": 0.0035
      },
      "tpr_at_0.01": {
        "point": 0.9985,
        "lo": 0.9965,
        "hi": 1.0
      },
      "tpr_at_0.05": {
        "point": 0.9995,
        "lo": 0.9985,
        "hi": 1.0
      }
    }
  },
  "imagenet_ai_0419_vqdm": {
    "0": {
      "n_real": 14000,
      "n_fake": 2000,
      "auc": {
        "point": 0.9657614285714285,
        "lo": 0.9615500982142857,
        "hi": 0.9701600071428572
      },
      "eer": {
        "point": 0.1065,
        "lo": 0.09757142857142857,
        "hi": 0.116
      },
      "tpr_at_0.01": {
        "point": 0.797,
        "lo": 0.7765,
        "hi": 0.815
      },
      "tpr_at_0.05": {
        "point": 0.849,
        "lo": 0.8325,
        "hi": 0.865
      }
    },
    "1": {
      "n_real": 14000,
      "n_fake": 2000,
      "auc": {
        "point": 0.9612591785714286,
        "lo": 0.9567085375000001,
        "hi": 0.9658992357142857
      },
      "eer": {
        "point": 0.1165,
        "lo": 0.10653571428571429,
        "hi": 0.12428749999999998
      },
      "tpr_at_0.01": {
        "point": 0.7605,
        "lo": 0.741,
        "hi": 0.782
      },
      "tpr_at_0.05": {
        "point": 0.8295,
        "lo": 0.8124875,
        "hi": 0.8455
      }
    },
    "2": {
      "n_real": 14000,
      "n_fake": 2000,
      "auc": {
        "point": 0.9524400178571428,
        "lo": 0.9471328464285714,
        "hi": 0.9574412866071428
      },
      "eer": {
        "point": 0.127,
        "lo": 0.11895446428571431,
        "hi": 0.1362151785714286
      },
      "tpr_at_0.01": {
        "point": 0.7535,
        "lo": 0.7335,
        "hi": 0.772
      },
      "tpr_at_0.05": {
        "point": 0.806,
        "lo": 0.789,
        "hi": 0.823
      }
    }
  },
  "imagenet_ai_0424_sdv5": {
    "0": {
      "n_real": 14000,
      "n_fake": 2000,
      "auc": {
        "point": 0.9983148571428572,
        "lo": 0.9975073892857143,
        "hi": 0.9990026062499999
      },
      "eer": {
        "point": 0.0165,
        "lo": 0.012,
        "hi": 0.021964285714285714
      },
      "tpr_at_0.01": {
        "point": 0.9815,
        "lo": 0.975,
        "hi": 0.9870125
      },
      "tpr_at_0.05": {
        "point": 0.99,
        "lo": 0.985,
        "hi": 0.9945
      }
    },
    "1": {
      "n_real": 14000,
      "n_fake": 2000,
      "auc": {
        "point": 0.9977396428571429,
        "lo": 0.9967686196428571,
        "hi": 0.9986001285714287
      },
      "eer": {
        "point": 0.017,
        "lo": 0.01253482142857143,
        "hi": 0.021
      },
      "tpr_at_0.01": {
        "point": 0.98,
        "lo": 0.973,
        "hi": 0.9855
      },
      "tpr_at_0.05": {
        "point": 0.988,
        "lo": 0.983,
        "hi": 0.993
      }
    },
    "2": {
      "n_real": 14000,
      "n_fake": 2000,
      "auc": {
        "point": 0.9982683214285715,
        "lo": 0.9973635285714285,
        "hi": 0.9990560875000001
      },
      "eer": {
        "point": 0.0135,
        "lo": 0.009892857142857144,
        "hi": 0.019
      },
      "tpr_at_0.01": {
        "point": 0.985,
        "lo": 0.9795,
        "hi": 0.9905
      },
      "tpr_at_0.05": {
        "point": 0.9905,
        "lo": 0.9855,
        "hi": 0.9945
      }
    }
  },
  "imagenet_ai_0424_wukong": {
    "0": {
      "n_real": 14000,
      "n_fake": 2000,
      "auc": {
        "point": 0.98801375,
        "lo": 0.9851202294642858,
        "hi": 0.9904892928571429
      },
      "eer": {
        "point": 0.05,
        "lo": 0.041534821428571435,
        "hi": 0.057
      },
      "tpr_at_0.01": {
        "point": 0.9295,
        "lo": 0.918,
        "hi": 0.94
      },
      "tpr_at_0.05": {
        "point": 0.95,
        "lo": 0.9405,
        "hi": 0.96
      }
    },
    "1": {
      "n_real": 14000,
      "n_fake": 2000,
      "auc": {
        "point": 0.9889882142857143,
        "lo": 0.9862652723214286,
        "hi": 0.9913802964285714
      },
      "eer": {
        "point": 0.0465,
        "lo": 0.04049910714285715,
        "hi": 0.0545
      },
      "tpr_at_0.01": {
        "point": 0.938,
        "lo": 0.927,
        "hi": 0.9475
      },
      "tpr_at_0.05": {
        "point": 0.954,
        "lo": 0.9445,
        "hi": 0.9625
      }
    },
    "2": {
      "n_real": 14000,
      "n_fake": 2000,
      "auc": {
        "point": 0.98923675,
        "lo": 0.9865972116071429,
        "hi": 0.9916806151785714
      },
      "eer": {
        "point": 0.046,
        "lo": 0.03848928571428573,
        "hi": 0.052964285714285714
      },
      "tpr_at_0.01": {
        "point": 0.933,
        "lo": 0.922,
        "hi": 0.944
      },
      "tpr_at_0.05": {
        "point": 0.9555,
        "lo": 0.9465,
        "hi": 0.9645
      }
    }
  },
  "imagenet_ai_0508_adm": {
    "0": {
      "n_real": 14000,
      "n_fake": 2000,
      "auc": {
        "point": 0.95327725,
        "lo": 0.9477646571428572,
        "hi": 0.9585967187500001
      },
      "eer": {
        "point": 0.1235,
        "lo": 0.1135,
        "hi": 0.13529017857142855
      },
      "tpr_at_0.01": {
        "point": 0.7915,
        "lo": 0.774,
        "hi": 0.8105
      },
      "tpr_at_0.05": {
        "point": 0.8275,
        "lo": 0.8105,
        "hi": 0.8440124999999999
      }
    },
    "1": {
      "n_real": 14000,
      "n_fake": 2000,
      "auc": {
        "point": 0.9571442857142857,
        "lo": 0.9516755696428572,
        "hi": 0.96222635625
      },
      "eer": {
        "point": 0.11796428571428572,
        "lo": 0.1095,
        "hi": 0.1260357142857143
      },
      "tpr_at_0.01": {
        "point": 0.7945,
        "lo": 0.7755,
        "hi": 0.8125125
      },
      "tpr_at_0.05": {
        "point": 0.8445,
        "lo": 0.8285,
        "hi": 0.8605125
      }
    },
    "2": {
      "n_real": 14000,
      "n_fake": 2000,
      "auc": {
        "point": 0.9567026428571429,
        "lo": 0.9511969892857143,
        "hi": 0.9621389169642857
      },
      "eer": {
        "point": 0.11689285714285715,
        "lo": 0.1074642857142857,
        "hi": 0.12668571428571423
      },
      "tpr_at_0.01": {
        "point": 0.813,
        "lo": 0.796,
        "hi": 0.8295
      },
      "tpr_at_0.05": {
        "point": 0.8435,
        "lo": 0.8275,
        "hi": 0.86
      }
    }
  },
  "imagenet_glide": {
    "0": {
      "n_real": 14000,
      "n_fake": 2000,
      "auc": {
        "point": 0.9996568214285714,
        "lo": 0.9993596223214286,
        "hi": 0.9998742383928572
      },
      "eer": {
        "point": 0.006,
        "lo": 0.004,
        "hi": 0.0085
      },
      "tpr_at_0.01": {
        "point": 0.995,
        "lo": 0.9915,
        "hi": 0.998
      },