{
  "clip_only": {
    "mean_score": 1.3419462406635285,
    "detection_rate": 0.58,
    "std_score": 1.7797344732713347
  },
  "dino_only": {
    "mean_score": 2.0440509498119352,
    "detection_rate": 0.62,
    "std_score": 2.375304642718595
  },
  "forensic_only": {
    "mean_score": -0.4031318548321724,
    "detection_rate": 0.06,
    "std_score": 1.1820352285157494
  },
  "full": {
    "mean_score": 7.052094476222992,
    "detection_rate": 0.92,
    "std_score": 3.26712836563272
  },
  "tau": 1.3770637512207031
}